<?xml version="1.0" encoding="UTF-8"?>  
<beans xmlns="http://www.springframework.org/schema/beans"  
    xmlns:xsi="http://www.w3.org/2001/XMLSchema-instance"  
    xmlns:p="http://www.springframework.org/schema/p"  
    xmlns:context="http://www.springframework.org/schema/context"  
    xsi:schemaLocation="http://www.springframework.org/schema/beans  
						http://www.springframework.org/schema/beans/spring-beans-3.0.xsd  
						http://www.springframework.org/schema/context  
						http://www.springframework.org/schema/context/spring-context-3.0.xsd">
	 <context:annotation-config/>	
		
	  <bean name="reportEngineInitializer" class = "com.reports.generator.ReportEngineInitializer"
	  	init-method="initReportEngine" destroy-method="shutDownReportEngine" lazy-init="false"
	  	scope="singleton"></bean>
	  
	  <bean name="pdfReportsGenerator" class ="com.reports.generator.PdfReportGenerator" depends-on="reportEngineInitializer">
	  	<property name="reportEngineBean" ref="reportEngineInitializer"/>
	  </bean>
	  
	   <bean name="xlsReportsGenerator" class ="com.reports.generator.XLSReportGenerator" depends-on="reportEngineInitializer">
	  	<property name="reportEngineBean" ref="reportEngineInitializer"/>
	  </bean>
	  
	  <bean name="pdfReportsController" class="com.reports.controller.PDFReportsController"></bean>
	  <bean name="xlsReportsController" class ="com.reports.controller.XLSReportController"></bean>
	  
	  <context:component-scan  base-package="com.Reporting.reports.controller" />
	  <bean class = "org.springframework.web.servlet.view.InternalResourceViewResolver">
	   <property name="prefix" value="/jsp/"/>
	   <property name="suffix" value=".jsp"/>
	  </bean> 
	  					
</beans>